stop_id,name
609f0950-bb8c-4eaf-a931-8575b8aff1ac,Savske stolpnice
6efecef0-52ba-4a47-9991-9bab5ce31340,Ajdovščina
91fb6c6e-49cf-49d3-97d4-6ae228f9bfa1,Sostro
35dbaf26-2fa4-45c4-87fc-81d1ff13b005,Tbilisijska
295616c0-387b-4f60-a337-7743cd6be04e,Bavarski dvor
8f56b058-1ae3-44f5-8600-4330f2264d78,Privoz
249f3d10-f5f0-467b-8f60-f35fd62d9054,Iška vas šola
c2827897-b9fe-4bfc-b4ed-880f11a2359e,ZELENA JAMA
01d1f388-d915-4e9f-bc3d-4432a73a216e,Večna pot
c6eab761-36e0-4bf8-88ed-48e594ed375b,Parmova
a12ab184-fb4b-449f-9884-88e0a1672e64,Tbilisijska
ff1f708c-989e-4cc5-8e75-02717b5f9744,Študentsko naselje
300f1367-4ba4-4416-90e4-caa8f33e9144,LITOSTROJSKA
cc9cbd94-6da7-41ff-a728-cfd4b47dfcc0,Pod Urhom
ee03ecf6-db6d-4ecc-90cd-5b3afc8afb91,PRŽAN
98a94a2a-894f-4ff0-9967-1dd986bf0cfd,Litostroj
2ec182e2-769f-427f-b9b5-c4118890cb96,Stožice
11d74c00-da13-4cad-883e-c6dcf8edcbe8,Aleja
1c0c01ee-6258-4328-9d01-489eb421a8d9,Nadgorica
521edd75-c364-480a-af9e-a1c9815b6dd7,Gasilska brigada
b5400e28-b0c3-4a02-9da2-084c465bd1d3,Pot v Smrečje
f2bac6f5-5bbc-4f15-acdd-014d86770ce9,Kneza Koclja
379bc761-04b5-4227-be76-3b870fe3e69f,Pot na Fužine
087e50b6-7677-4a85-802f-5694266fe38b,Aškerčeva
7294875b-8482-484a-b04d-95b921612001,Vič
930fed8f-1d4d-40c6-9a3b-53697263a0f2,Rast
1eca3479-6e2c-4f21-bf45-4db410041181,Peč pri Polici
1cc5f00f-c982-4016-8553-40a3da4f36ad,Dobrunjska c.
db046e79-c658-433c-8812-157fd965a9f6,Galjevica
f5e84751-7377-402c-974c-53276e422e70,Na klancu
5b59d508-0860-4f50-b5ab-72a79046b488,Snoj
ecc4ae87-ae08-4b94-995c-452fdd94df7f,Privoz
be5fb719-eda2-4831-90c6-249248ea22dd,ČRNUČE
9cfac7e2-9653-4e52-a6d3-27756d27f817,Kino Šiška
d5735919-60bb-4720-a695-9f5155a4f109,Plešičeva
a6b87518-2a7f-4505-898f-245ebe23c909,Krožna pot
6459bd02-d8f8-413e-9402-10b916f09a4f,7. septembra
abc9fd26-5442-468b-93b6-4d5eb76d0f1f,BTC-Emporium
d5961b09-f5e8-4a0b-9bbb-2515ff0a8376,Ob daljnovodu
9e109242-5aad-4fb7-b0c8-576eef8aa4e0,VEVČE
6182f8e8-c45e-4606-b4a4-d909bd44d2cc,Gornji trg
67d66d40-e8ba-4bc0-a9cf-814dce3ccbea,Jadranska
7ad774b6-172a-401b-b186-358aa2d560a2,Jarše
c627c9f2-af02-4d83-969a-566719bb09e3,GAMELJNE
c87db9be-1fba-4102-a743-0ee4317dd5af,Bavarski dvor
1faa072c-478b-4656-8df3-84167a9a4bbb,Dravlje
96d4c75b-6452-4c70-a31e-c234262ba38b,Veliki štradon
2fafda56-e44d-4e08-8503-90e6bf75e19d,Veliki Lipoglav
26d86ffa-b8df-49aa-a9c0-5fa7d3cfba77,Draveljska gmajna
1f9fad8e-d59c-494c-bdd1-1983afacb755,Kodrova
8598b85d-3e1d-4767-b72f-0c209038841f,Štepanja vas
f14a6236-8af2-47bf-9270-432377662a63,Viadukt
d861c2ce-106a-4b95-a4fc-2af355c0bbf0,Lahova pot
f958cead-e4c3-4743-834d-46de4a06a8c9,Murgle
9bb1ed3b-5a6f-43c7-afaf-ba2b60ca1a7a,Aškerčeva
d7748049-2f69-4c77-a19b-96774a521ac1,Prekmurska
ef31a8be-b01d-44cd-95cf-3db8e918af26,Emona
32ff2d5b-61ae-415b-941b-aeb1be1b5052,Trbeže
79325942-629a-4766-a34a-525f8edf8cc5,Podgora
2d6504e9-c938-417e-9b55-32d6514bc744,Kristalna palača
e78f256e-7218-4263-87b9-255bd90c9f49,Maroltova
80c65758-5f25-4003-8d55-10ff96fe8310,OŠ Sostro
452bfd80-e8bd-470b-bc4a-981e1b37ffd7,Kodeljevo
8dde1a7b-e3ec-4675-8409-2a2c4ae696c7,MESTNI LOG
1c0ae078-cca7-40c8-aeda-1187a12ddfee,Remiza
a9473958-e505-4c16-8498-486b06a47856,Čebelarska
1907a46a-4559-43ec-8363-03fe35d30725,Rudnik
b59656a4-b6e7-4b87-977c-078c59088a50,Hajdrihova
f73d3fb2-082c-4518-8af2-45de5490df4e,LITOSTROJ
77dcd833-fa4d-4c5a-93b1-31284942e61d,Šišenska
67c3adc1-a92d-4528-91ee-77d8b52574c6,Poliklinika
fef200e9-4d98-425b-ab14-8110e2aa85d7,Drama
5d7f28a6-2a2a-4333-aa06-48edfb652f86,Pošta
3f996624-8134-4eec-9742-70111db659c1,TOMAČEVO
2838f674-f6e9-4eb5-a99c-1d0ac7903ca1,NOVE JARŠE
0c6d0a32-5673-45fa-9d50-04d8039cbda1,Na Gmajnici
099976aa-17cc-45d3-add4-267985ab1533,Draga
53f8224f-99e5-4c34-9f77-3621bbe9ce99,IŠKA VAS obrač.
41489be9-b3b7-4cbe-90f8-af1a435b2676,Orlova
0df2ffa6-b1c8-44d0-900c-8b23b37794df,Spodnji Rudnik
bb1ac8b9-5cb2-49f2-8d5c-d7fe4afdd5dd,Cesta na Vrhovce
557f714a-6f4a-4c98-8c5a-d74fa34b2adb,Hrvatski trg
d8289ab1-f65d-4b3d-8b4b-55ada004f023,ŽELEZNA
1b3ddeca-a066-43ee-9ae5-8339628129c2,Žale
b905ae6a-f1e1-4057-8923-481902ed5a8e,Konzorcij
4a95f1f8-a457-4dcf-bd1f-6307d4300ea0,Mihov štradon
9a938b49-ce1d-4e1c-a789-e316630ebc4f,Poliklinika
e9382efd-d64d-46b0-9a7d-a4e6a0188725,Omersova
f2b27cbd-5207-4281-8f67-6369d0c50a9b,Kodrova
48c9ec48-2b87-4945-a077-808839f98e74,Ježa
e3b51371-e289-45ef-83ca-1f4ffff25162,Koprska
666e98e1-4a23-4204-a3e6-99110f8b3153,Kolodvor Črnuče
ba681dbc-ea72-4685-ad98-c5ed496510e6,Plešičeva
d7d43617-ef41-4f9e-bbad-670d515d926a,Šemnikar
db13a26e-19d4-4b8a-a78a-01ef25d58834,Ježica
7558099b-08a3-43bc-8056-49bcc5900a03,Cesta v Bizovik
ac3afe7d-a2b3-4d5d-9e6a-1d2412a3bc70,Litostrojska
9e0942f3-2c18-4891-9b51-9d95cc43af7a,Blaževo
ef005e77-f3b8-4171-b681-1294d0e4732b,Log
84578591-7543-4105-8465-9df30256360d,Šmartno
bf64b499-211b-4da8-ace2-f12a17608ae3,ŠTEPANJSKO NAS.
ab987eb0-c970-4577-8db9-0cd507a6cab6,Ig AP
0c5f69a6-97c7-4053-bc0b-3f09dbf72f46,Tovarna Lek
bc19ad1c-00fc-47f1-926e-ddeb12f686ba,Živalski vrt-ZOO
390d166c-b2fe-486c-bba5-38cd1ff64f48,Križišče Sostro
47283e27-c588-411c-9303-30a6f0beeaef,Zgornji log
454817d3-3750-49c7-994c-14d06fd2c634,Žale
e9d9f622-7394-4c5c-9031-a41855a64aa7,Polje
8589e5d1-21b4-4210-ad7a-4bf91f9a715d,Vižmarje
ae3f312a-4242-4a42-8df2-5990505a7747,Sp. Gameljne 3
35aedf45-cca3-4f2f-931b-138d29d20fe9,MEDVODE
a3aeed02-8e36-4cb0-bb08-25cc4afda164,Rašica
3f01eb40-651e-4fad-aff9-2ee27f259f64,Kozler
7b41ca8e-2e41-4572-aa5c-1d80375e8835,Pošta Dobrunje
51dbf10f-cf3b-4575-a8cc-d1080c1f9dde,Silos
c8e0086c-0cef-4375-a471-72f3ae1e34fc,Strelišče
e0bcd677-6012-4c90-a884-44dffafdffec,FUŽINE P+R
feb89b92-366d-4f50-a509-40c7baba8cf0,Brodarjev trg
9a1c4c65-df77-481f-87ad-56143f02a864,Vižmarje
4a74b966-4fbf-41ab-8e1b-276f3f14fc49,Ježa
40fcc1b9-2c42-4db8-bd48-d431efc8a3fd,Stara Ježica
76f20fbf-afc4-4c7d-b51c-14f0878b38d8,C. STOŽICE P+R
0e79ef8c-f692-4e29-a37e-4a81cbb3d410,Vič Glince
7bcbdcaa-00b9-47d4-8982-09da26cd7bcb,Zaloška
98a75a4c-0ef8-4efa-8f0a-384fe8eafce0,Havptmance
ff74fc01-faf6-4a78-a782-d8365538e7de,M. vas pri Grosupljem
baab981f-b707-4b2e-8291-6175f7ceb255,Ilovica
ee3713fe-016c-47eb-96d1-f760c9d19010,Svetčeva
6559d555-672b-4633-8a81-0ae68fb963eb,ZD POLJE
88cdd36c-03d2-4374-a22f-110dd9f75ea0,Kajuhova
d06c6c8a-c136-4b7a-9c13-b26ba0c04029,Hlebš
567980fa-7783-411d-9c67-55b44d753880,Avtomontaža
bc66f88b-1412-44cb-b921-030d27335261,Sneberje
d9a82add-03d0-47d8-9f35-117b7a5ded44,Gerbičeva
5764ff17-c787-4918-b7bd-a2ed9c6d7dd1,RUDNIK
59faa0f0-34b1-47cd-ba3a-3b6f0d684c00,Žito
f1bc11ca-7516-447a-b826-7051c5306af7,Friškovec
7c149b59-2bc6-45cb-95c8-69e18a0db627,Rusjanov trg
60d91c8b-d5a9-4ef4-927c-e241bc31f81a,Bobrova
32abc648-685c-47b0-bbc4-203371ec2699,Podpeč 1
5ddf10c0-90a5-4dbf-992c-23c0505674aa,Podgora
39650ca1-d08c-4645-ac1a-6aed84eb45c5,Obrtna cona
05643914-8ff7-4064-8737-2761d44a083f,Tabor
aa42017d-812a-4175-bc9b-0fec03b18931,Ambrožev trg
f66a1f18-4c18-4317-b929-fb616cc7cebc,Hruševska
339ec74c-f45b-4f23-98b8-7ac67486ff6d,Krimska
4bd4913f-8597-4ea0-b219-4e9b15dcbb62,Jarše
4038e02e-f22f-4af0-ba4f-7aab855b53af,Kneza Koclja
36c4949b-403b-4a76-87e3-d67f51d655ef,Martinova
0b4a072e-6c2d-4c71-ab80-2b7142df81de,Tivoli
bea274aa-277a-403d-ab2f-a0342b28882e,Križanke
2a7d32ca-24a1-41ac-a273-0cbcdec59336,Škofljica špica
1ce1c3a8-e0f6-4f90-b1aa-1448759d8b3c,Astra
b4634750-8d91-4625-b40d-1da9665e70f6,Podpeč 1
0614b134-0950-4f6b-bc8f-fb73a0881bc1,Gornje Poljane
d5102041-8282-4c77-a593-edac0d0d4a34,Cukrarna
c0ff37c8-ac6c-4284-ad32-0ad29fd30dc2,BROD
f33b721f-a8a3-4aad-96f2-077da09ebaa6,Razstavišče
0d50a4a8-a88d-4468-b562-73e51937e1c5,Ob daljnovodu
a1406782-3114-407c-8e35-35bcf5a1234b,Bolnica P. Držaja
938c9405-72bb-4acd-bace-a75abcf2f9cb,Na jami
d4c51b31-46fd-4da8-ba15-8068e666d483,Zadvor
f9d70942-e517-4560-8655-99481edd2b95,JEŽICA P+R
d5d15a80-243b-49d7-a616-b3c3fb39e8af,Oval
7add6fa5-bfd5-4d9c-841b-d9856088ede9,Javor-2
5dcffe2a-1c73-4f7c-bdac-4084bb5201aa,Peruzzijeva
12304b99-9a07-485a-a101-eaca90495d48,Besnica šola
ca8cbe57-95dc-4326-9c06-b60a87b981b1,ŠKOFLJICA obrač.
d98335a0-1291-4d4c-be62-16b11c356575,Božičeva
9a480b5e-0283-4130-a5e2-9d5e996caa4f,Litostrojska
397418bc-78a7-45c9-b5cf-374fe21cee11,Akademija
c32ef99a-6752-47fe-94eb-a5134c7110af,N. STOŽICE P+R
8512e1be-4637-483b-a3e6-78ccc6d2c5b1,Navje
df63651e-45ab-4487-9429-9e604415b35c,Prušnikova
c0a064eb-b507-43c2-a6d2-0e9c5881f031,Središka
1308dcf9-a9e1-4e54-95c9-0f2afaac889b,ŽELEZNA
245bb1a4-ea6e-45b4-8331-b50983655326,Svetčeva
f2920a77-6c6c-494d-96b7-2a8caf8f374f,Mirje
21764d19-62cc-49fd-bac9-403aeac6a6b9,Ježica
d3a6cbf3-65f0-4db8-9a10-1460763eac8e,Hrušica
3d0466c6-82f4-4a8e-ac5f-18d4dab794ac,Ihan Flerin
9746f277-af08-4cce-92fa-41da5eca8ac2,BERIČEVO
a41f5786-6b70-4224-bcde-e6fbaac4c21b,Smrekarjevo
61926b26-d777-483f-ae79-86766c48793b,Tržnica Koseze
fa96d420-d1af-4ad0-bf6a-4544deb1c5eb,Streliška
2bf898b0-1247-4e84-87e2-2e044e580c8f,Tovorni kolodvor
154f3596-bbbb-4038-9ad7-c4b8b5288a02,Stadion
d3283222-38a9-40e2-a485-180d1a33067c,Novo Polje
f4cfd904-bd11-4247-95df-32c4555a930f,Klinični center
edf94a12-03e9-4225-b6cc-aca0edf588a7,Šentvid
2b223d0c-f8ec-4970-815c-bfe26c3ffc09,Na klancu
dfde6478-02b5-471b-a470-29cb0e84542f,Slovenija avto
ba59baf4-dd00-40a5-80e7-3eee6b9d8b09,Golouhova
a0e0a21b-b8ce-4d76-bbc2-04e179367fee,Šola Jarše
596e3cfe-bd4c-4afa-ba4c-33172dba9be1,Belinka
010c271e-49ca-45a5-91ac-8ba8d41ee7f3,Čerinova
717dda7e-d793-4697-8f60-b64ee8b1edc4,Gosposvetska
cecad767-51e5-4683-bf56-e6e342f8d1e0,Zg. Besnica
4ed69cbb-d738-450c-be11-7d96cd50ee50,Livada
48b163cd-b819-4849-aee1-8b1da77657ab,Šentvid
1a1ee974-5091-4fa7-96a2-0c2508892aa3,Saturnus
fcccf4af-4f16-4edc-ba5a-585c434593fe,ZD Polje
d2f9bbec-4b03-49a8-af83-afe65fe07a0e,Pot heroja Trtnika
7310c006-62b8-4f94-bb9c-d5c26cb3faad,Polje
8a5febd6-d44a-4c98-a221-46044548663d,Sp. Gameljne 1
7411cd45-83d2-40e6-89f6-5a0995e409cb,Zadvor pri Grosupljem
7e780e7f-3665-4ec7-a910-eaf6e9d82551,Kajakaška
9b0074d2-2c92-4c01-830b-00be8e05b412,Cukrarna
219086ca-bdcb-4092-bd82-3d372b9b73ce,Erbežnik
aa113271-655f-423f-ad7e-4cfaba2eb739,Pod Urhom
4062cd22-b67a-4235-9980-0178b7add592,Drama
38b3abed-0592-407b-96c3-85a026f2e192,Dalmatinova
87415b6b-7e7f-4b82-b78f-ef1a7db85282,MALI LIPOGLAV
54c591c0-7bbb-4489-9229-57b18f95827a,Stara cerkev
fb7704f0-d31e-4561-83e4-621a8c62654b,Kosmačeva
7fcb0952-c77f-44b5-adf3-0aa2a2b8550a,BARJE P+R
7484317c-269f-425f-8118-23eedab4e5f1,Tivoli
52e5d1c1-28c9-4ed2-b0ec-5bf7311be753,Cesta v Bizovik
8a224b7d-24ae-4c7b-8318-f66ac8cc078b,Zakrajškova
21a5f1e3-8ac0-4023-95ca-0a3ff54099aa,Mestni log
e9089f7d-853e-4375-8ecb-0db96fcc60e6,OŠ Jezero
eb11d52f-300b-4648-a2e8-ed03db9ff7e2,Drobnič
e2499103-6634-4d8e-87a8-68dc5ef6340c,Sp. Gameljne 2
7c166e7c-6fe0-44bd-b124-0013473f227a,Petrol
e74131c6-ac2f-477b-9693-10bb5ab9f24b,Grosuplje
ea9d5fa9-af5a-4d39-96fd-626415048511,Martinova
fbd1dfb0-4a6f-4160-ad52-5ccb69530195,Pri Dolencu
6a89c110-a0f8-4b1a-87f0-33f49c0a658e,Šola Jarše
bb995fbb-29c8-4035-9503-ae33320833a8,Cesta v Zavoglje
62feeb73-9af7-43ee-8714-1b435ec20263,Japelj
f1fd2bad-eba9-4046-a7b9-34e8d1d423f5,Šolska
66a82f60-b1d1-4251-a715-178300014f18,Studenec
125d4928-6b97-4a4b-af34-a2d1564c029c,Zasavska
698551c1-7bb2-4f7e-9701-23b7667e8594,Novo naselje
37fc313d-1f45-49c9-9059-4f96f44a6682,Zgornja Šiška
659ee31d-ae12-4498-8507-28579d322e32,Vič Glince
666bd186-7a9a-4e20-a466-e7b1918dda9b,OŠ Maksa Pečarja
cf6f67f5-f7df-4462-828b-481134217fad,Žito
16ae0a39-ff9a-4aee-88b5-34502255fab4,Pod Sivnikom
fdff5f9c-6c02-4fc1-a004-7032b17fa37a,Murkova
6a74977a-a26d-42b4-a60b-8dabc726e57d,Gornji Rudnik
889e3719-7d29-4888-b690-5a1531d2930e,Jadranska
eee4abae-e720-4776-b6c7-0099d0119246,Ruski car
c93954aa-7aad-4fca-9f7a-721d37f0474e,NS Rudnik
6d344016-1b93-4ff7-80a8-8cde0b57bd1c,Prežganje
45754ca7-bffd-4bcf-96df-952e59574dde,Ledena dvorana Zalog
1e4be02a-ac61-41bc-b9b5-1ef7850313ed,IMP
ea91e672-f4a8-40cb-af62-214726551a93,Šmartno
a0b1fb90-3f6a-4231-910a-18be192ac762,Flajšmanova
0fb83496-463c-4123-97c6-669efe614d26,Besnica kamnolom
c15a2be8-fc53-427d-9cc6-a50bb305f68d,Tovarna Lek
1a3351a1-563e-4174-b402-54bc0e2f5191,Archinetova
318d4398-e152-498b-b4ff-1344c67adba6,Razstavišče
98fa3880-5936-4ec8-ba04-39c7ff9a0e6a,Stara cerkev
94712446-2421-4304-b4f1-3b3f82998713,Vodovodna
163da3ae-0ab9-480e-b72d-16357e0a9061,Golouhova
7f510cd8-4742-4dcf-95c0-16cde39c2e26,Zg. Gameljne
13ceaf6c-9650-45c3-b449-64a0e5094d18,Murkova
093afa81-b65f-4182-bac3-afbc00558a9b,Koseze
a7af0c5d-2297-40e2-a6e0-506f6aadba0a,Rogovilc
0be237aa-4b91-4d2b-ac23-0cebac975a0d,Cankarjev dom
bd001f58-6e58-49e9-877f-1fa36964fbc2,Na jami
9f01f25f-9a5b-459a-96da-222ef81faf51,Trata
ee7e3c65-72e8-465e-a9a3-a9370ec1f314,Vevče Papirnica
023d7b7a-b411-4e61-8746-b07f9e5c8f90,Ambrožev trg
8fc42c89-96e2-4c69-a2b4-44d505f27ce9,NS RUDNIK
b9edd39a-4f64-4553-869e-bb77e617b9b8,Stanežiče
0ff94f7b-275b-4cc4-bb27-e00842f5ad87,Hrušica
ba6f47bf-d346-4ccb-8669-13b974d863a6,Križišče Sostro
48e907fd-e868-47cd-8cac-74c7d4582944,Poljanska
c297ac70-8f43-4fbc-a8a4-366ddb883a8d,Bonifacija
fb662324-f307-452f-9b00-0275dadfd382,Ig Petrol
6a0b25cc-428e-47b5-831a-e89facfa7f26,Ziherlova
592b37eb-8255-4758-ae8a-7cef98521013,Rogovilc
da9650a3-6ec7-4cdb-95f2-a68851587dfc,Primožev ovinek
92928953-a289-4a44-a653-b7b6b4f5e1c2,Zeleni gaj
f07c916c-6fc6-4acf-a334-0ab0d3c4f57f,Središka
eead721b-8996-4e73-a2f9-02dba20df4fa,Ilirska
4d216485-ef41-45e7-9182-0c254644955c,Sava
2e6c059c-0305-47bb-9ca8-00a2123039e9,Štepanja vas
9dfc0a62-bf4d-4670-83d0-4e26a6e56b32,Smelt
49f28358-bfda-458e-a4b3-a45f602765c1,POLICA/VIŠ. G.
8d775324-59ca-429e-ad7e-8d522c52dbdd,Drenikova
3203d037-a222-4092-8dd6-e8dfcd49a2c9,Novo Polje
4b847ac2-4c41-4fc1-a497-9ce4deaab8b1,Zavrh
cf94d70f-d211-4625-9037-014514562aa9,Lanišče
406d6bb7-147c-4853-a917-e5c437b025e6,Pance
484b5c91-1220-43ba-af79-84e712fcc46b,Slovenija avto
cddb3822-7daf-4cae-9cc3-6b191e81326b,Yulon
1035c6f7-304e-4329-a3b2-4eb5d985a577,OŠ Sostro
311a0b74-0787-484b-b414-8adf1cd4cf58,Polanškova
b8533150-cf69-441a-8fc4-18f39cbef16b,JEŽICA
02e96186-e90a-4171-8869-082486f7da1d,V. Mlačevo
8375ab17-e389-42b2-9b88-0210a049e321,Bonifacija
1b3d51e8-8b5e-4b31-a63e-9d665243c2f1,Nove Žale
223f660b-c391-4120-bf3c-7bf06781686b,Tovorni kolodvor
7276f267-9837-4c56-aad3-f8cd555060da,Prežganje šola
184817a9-ca88-4c82-a40b-5768991da3df,Podpeč
c5ec5e81-2ce4-452d-bd7a-595de4f8b34f,Prušnikova
1d7af067-e43b-4a98-953c-75f1b267d9ce,Ig
a52cd7ac-c11e-4c8b-94a5-1a12b32595da,Jurčkova
bd6d732b-65aa-4b59-be82-6ce1301e70d5,Ljubljanske brigade
1f4702d4-6b02-4ad3-aa9b-118ff9aa3474,Zasavska
4682c5fd-08cb-4af1-a3e2-6f1ee880a52d,Baragova
192b7b6a-b138-4569-a4f3-86bef6b20810,Letališka
cdabf1ea-b04c-480a-8359-72c46e6864ab,Bežigrad
ff8f71b7-06fe-47fe-8238-9af5ee1b1dfd,Šola Jarše
cad3370f-7a28-4a47-8d5a-187adab3ca21,Polje-kolodvor
3a50f545-2fe2-45a0-8ed6-01635603efed,Dobrunje
f0661242-947b-4937-a9ce-d2a135cd62a7,Bizovik
0eca6015-5429-4289-a76c-4ec9ef707e67,BTC-Merkur
16d19639-a788-4df6-a168-6f8c3652ded7,Chengdujska
da656f17-9723-4cbe-a008-823cbad17c28,Dolgi most
77c4dfcc-1122-4896-9983-8a5bd11320de,Dravlje
e8b0d4a2-f65e-4aed-97b8-77ab0d07955a,Cesta v Kresnice
404f8444-540d-4d82-a355-30a6a8bec797,Viško polje
d987aa3a-ae4a-42f6-bc9b-79c41dcf055a,Kosmačeva
9ab2717b-1396-4885-bb5b-9857d7195d0d,Sostro - 2
71480129-1108-4659-bb1b-d62897a81d02,Polje-kolodvor
233daca5-913b-4e10-bf34-18b1c8c77019,Prelog
86a75ffc-a78f-401f-8991-2eb0371417b2,Studenec
1ceecd12-b005-4828-ad39-8f2aeb1ca228,Iški most
2f18bcfa-6189-4de4-b06f-132d3392e7d6,Besnica
7a52a73a-cc0e-4c61-b9bc-306157727e1c,Tržnica Moste
ef91fd44-5651-4fd4-b6f8-619fdef9da7b,Hajdrihova
3f0c15b3-99bd-4c12-8f7a-df06c9536526,Pod Sivnikom
1e2641bc-b0b2-448e-8ad2-e52891fa4c5f,Pece K
97788808-915f-4405-b54e-7ec5f95f7330,TRNOVO
daf172e0-4dd9-4d5b-8287-67ad2034bced,Stadion
6afef238-01cd-4ad0-859d-2056b5d4a63f,KPL
cec37fa8-0d4a-4e80-a259-2fa91b68463d,Goropečnikova
bb606ad8-8a10-4034-9862-60cc177d2455,Pohorskega bataljona
e3321752-4498-4da3-801c-d54920b22eba,Draga
259de009-1345-4169-920b-baeaceade993,Primožičeva
277bc73c-e61d-4046-bcfd-31d6161c568e,Center Zalog
e333d90d-3eef-4d82-9e00-ebe693e2f389,Jurčkova
441545fb-7a0c-4555-aea8-01cbe6c14ea3,Puhova
91b76764-87af-4b90-89dd-60f0046f7cc0,Tomačevska
784bebe9-c0c7-46eb-943d-0b1808ffd5ac,Dornig
a2f479c6-4c21-4923-b4ac-86f752507cee,GROSUPLJE
dd57f39b-be0f-479e-bc35-5bd2edf98ff2,Bolnica
6a774daa-3547-4128-b304-aa2d17d4391a,Dolnice
3c143688-247f-41cc-960d-f5e37b874c3a,Črnuče
5c15a390-36b6-47a9-9d84-0c7160157c1d,Gorjančeva
86303165-4af4-4fcd-b0f9-43ed865454f4,Glonarjeva
a5eb15d2-f0cb-46a6-b888-6a9aad6bc5b6,Sadinja vas
8eeea585-6168-45b8-a5d4-336e61826043,Zapuže
294c40c4-18e4-4d92-a947-911a8623de89,Veliki štradon
b60d686c-3b89-447c-93f6-2837d9af3d02,Ziherlova
60edf514-fd83-400b-b86f-881f7eff258b,Hladilniška
d119c3e9-7f2c-4d40-97a4-ccc6b4bb2951,Archinetova
459f82d2-cbe4-414b-b66b-0b794ea958ed,Smelt
712ee105-4fab-498a-af5c-496ca9830f5f,Viadukt
476b2caa-710a-47fe-9743-4d75d7ada5fb,Čebelarska
5cc8a08d-c0af-491f-9a9c-b8b4f5f23bc0,BTC-Emporium
33613e0e-f41c-4cee-804a-3942bf698e3e,Iški most
e4635b94-348c-4c69-be85-1160488e5e43,BTC-ATLANTIS
76ec8af8-07c2-4d44-b0d8-a439d381913f,Medno
f073b9d9-a3e3-4d04-a209-0db55377b79e,Zmajski most
298fea2e-c58b-4d99-9350-2420c718d2cc,Pri Poku
c0fb12dd-8cab-40da-a3aa-e8de9c6d09ed,Rusjanov trg
d2e3d9f5-0203-49a4-8ea1-455e2434a347,Št. Jurij
0be53afd-2427-49b2-b70c-2ee3d89e9762,SORA obrač.
121b30dc-065b-4c76-aad2-a54a85c74d4d,SŠ Domžale
bdd68b01-e9a1-4270-be50-8b5c7bd39a1c,Kozler
e7789f42-0ad7-44d1-974b-42a3f4957291,Strelišče
2154edb8-16e2-4334-8878-9e38abcdf06a,Zavrh
d9df1ba3-6820-4fcb-b561-9cb7a60dd463,Cesta na Kope
5c246f67-4431-4968-8d64-2ae4b823e360,Na Gmajnici
786a15d4-dd6b-42bb-a5c9-6ce994b5be9e,Omersova
db9f7130-0bc2-4f3e-b8cd-07cfe96b1f8f,KOLODVOR
5bc3addd-b076-4c60-b850-39f90e674b75,BOKALCE
dba19980-8ca1-4847-b9b5-8cd419374ae2,Ponova vas
9bd3ee10-bc61-44e8-8cf3-a37cffd54da0,DOMŽALE kolodvor
48507e1a-32df-4552-9448-3b345760b75f,Cesta na Vevče
100da88e-4c5f-4188-bd11-d4f3fc80fb74,Rast
08071ba1-570f-487b-9a36-01a046fb2788,Kolodvor Črnuče
95eee7e8-237d-4410-a9bf-00c6f88129c1,Cukrarna
9741988b-6723-480b-a419-8db7490d667a,Rakovnik
0b90d258-764d-4c06-aab0-7074dbd54182,Podgrad
53c3c8c9-2e64-4a8f-9afb-031b24c17d5a,Plečnikova cerkev
98f728a3-94a6-4911-98d7-64ab88097036,Lavrica
a2ce7e6f-0f99-443a-a973-81a0b9c60261,Astra
041e08cc-b1bd-4f2c-aa4e-a9aaf2837a28,Iška vas
813b7c8c-5236-405a-bb0d-092a5d93c2a6,Kavčičeva
c86d5f37-52ee-4e3a-99b5-b9554118c4d5,Mihov štradon
8561e9fb-03e0-46f1-802d-b376d26a8ea5,Drenikova
5c8bdb89-116a-4d5d-9db1-9be443070380,7. septembra
46847a61-d68a-4d2c-ad76-18e043d41430,Brglezov štradon
dfd33168-046e-49af-9428-b9394f98667c,ZG. Pirniče
807c11ba-4b3a-4e2b-82b5-abf5864fa4bc,Pot na Fužine
c31b32c6-1ec2-48e9-9929-356fd0253540,Selo
2896bfa8-0586-4ed1-8d93-c5c6e1ff3d72,Vikrče
c20233f2-94bc-4c21-9d2a-9b129b668487,Ihan Emona
7c37b809-4d6d-497c-a53d-38663e91c088,Bizovik
46a50a09-9bae-460b-a7b6-457d288c5a9f,Ponova vas
124ec397-421b-4737-bf71-09c9b1665a10,Preska
ba846253-4c87-4120-8f1c-05a563bf3999,Nove Žale
d2ff7ae5-59fc-4894-aa50-a7f16b5e3534,Ižanska
aee8e842-6083-48a7-b14f-cc3d112537bb,Opekarska
eb43a68a-54a5-4a37-b090-1329e2b4d830,BRNČIČEVA
1069d764-9345-425d-8c4d-12d6ffa1fde1,Kališnikov trg
1505c6fe-6080-424e-98d1-24c312cfacf3,Pot na Rakovo jelšo
29589594-5959-4efb-8dda-7348e4e500a0,Kozarje
3d2f3af0-3b48-4019-a861-ee4fff761a24,Ježkova
e786b2df-34ed-4246-832e-7c3d538ac1f4,Kranjčeva
5de6ff80-1352-43df-b5ec-1df59f2f492b,Pot na Rakovo jelšo
0c3a77a7-d9eb-45c7-b722-1fafde29129c,Podvozna pot
1b27d65a-1008-4bc9-928e-f6cb43b03804,Besnica ambulanta
3429cda2-6047-453c-bf54-952dfa6674c0,Klinični center
15eaf9b9-db6d-4586-9ad2-5bfa99719bfd,Dobrunje-2
0dc86a8f-0f41-44c7-978c-e06cb63cbbcf,Medvoška a.p.
2d42d8e2-26a8-4a74-809c-f436d05c8a54,Tbilisijska
1b0f629f-acdb-4e94-8c54-018f4334ebf7,Križišče Sostro
2beb7011-982a-4349-be22-addf1c3bdec7,Pod Kamno Gorico
e6f5183b-c615-4f47-b4fb-204ee070e825,Bežigrad
47a3bd8a-72ae-4e20-b43f-10bfaf49012c,Ob sotočju
8441d439-8d1d-40b8-b3d5-7b9c56848b43,Radna
79d89180-8b07-4127-b7b4-1ac03d1cee9f,Kompas
5293859e-2ea2-4ad3-9781-884672606464,Agrokombinatska
ccd8a655-468b-4728-a26d-7981bbdd7dec,Zg. Gameljne
4c277b3f-c427-404b-ace3-2cd51656318f,Tehnounion
306dcdea-b1ce-4357-ba5e-fa82293630df,Kolodvor
7d628170-e2eb-47fd-9d3e-658acf78d7d3,Sp. Slivnica
c0e6a237-3879-4336-88b6-5af51408cc7e,AMZS
0810f07b-94d6-442f-b10d-bf8210c4ed47,Draveljska gmajna
52e5adea-e194-4fc1-809c-1d6421f8f8db,Kovinarska
e65047c0-c01e-4727-b466-78e107c81ee4,SŽ KOLODVOR
07b4c585-66cf-49d7-906c-50f1122c8e9e,Cesta XV
b589ddd3-5a31-4fe1-915f-44347b4c0a1a,Bratov Učakar
ef4a63e8-d956-4f09-80bd-8e4699418652,Kongo
4f21a18a-3cb0-4c6c-bb92-e7c8945fac1c,Bratov Učakar
a378ce5e-57ce-4c52-b219-568674b5cd5e,Gornji trg
29336b94-2382-46dd-b2e6-4590dd689640,Pot v Hrastovec
52407970-4547-4323-a632-8db4ed0b040f,Kajakaška
78ef8af0-fd16-46b8-a5de-8d24b99638c8,Prežganje šola
3f37b298-896a-40be-b2f5-6fe8154756c4,Cesta na Brod
6c773433-c487-49c5-a783-32c0e276ed7b,Dolgi most Rotar
da834a23-5697-49bb-b3a1-7f277c8206bc,Javor
aa31554f-8623-42db-aedd-ad9a8f562e4c,Podmilščakova
923bd774-0651-4e0a-8624-3acfb7ecd5ff,Gornje Poljane
29096931-9d98-487f-bd0a-b0767611e561,Dragomelj
6672b8cb-e56d-420a-a5e7-fc86e8aa3647,Žalna
21fba303-9465-42e6-8942-eaff85a2b40c,Zidarjevec 2
42bcfbad-96b8-4ce2-96f3-07694e1bcfe2,M. Lipljene
f784b27a-1509-4eec-bd52-6beee2b9530b,Kamnogoriška
bbe542ee-a3f6-43cf-b23a-077c28b7d19a,BTC-tržnica
03375155-45fb-4565-b392-2349fcb199ea,Kardeljeva ploščad
f8da5156-e545-47ed-a811-2242f41f5593,Mercator
5e732249-14ec-4efe-bae1-7f9ca722f7ae,M. St. vas
8d5e4aed-59fb-47c9-8559-5bf11b7ddca0,Primožev ovinek
8e7a488b-cd48-4243-92b0-42792d0e3bc1,Capuder
3edd6057-3847-4c42-b8ec-6e89ff95793a,Zadobrova
5930b5fe-26e2-4b69-bd1e-cdea021a0ab4,Študa trgovina
6d2a7c2e-5938-433e-a691-b9bc28767675,Cesta na Kope
0b6960bb-2431-48c3-9e64-3cbf5c57ea96,Hrastje
59d96e2c-3ee3-4581-840a-3ddaf0003743,Osenjakova
ef3024a8-1d7f-4cf5-ad3b-74528eaa9c51,Stadion Domžale
dc6b96b1-d0fa-4d03-ac2b-8eba5bb97ba2,Peruzzijeva
78c69686-64ed-437c-83b5-0e28733ed70c,Verje
cee2862b-9b70-4880-8fa3-16c6d2efae1b,AMZS
105e10e7-fbab-4f99-94c9-178c25630b42,Brodarjev trg
156a6f62-9a67-4cf0-ad56-85a343c77cd2,Agrokombinatska
b4ffcb65-e60f-478d-806b-e7ae83f1a39d,GLINCE
cb05ea76-5fc1-4162-b432-a914b63604d0,Spar
447a37f6-2be6-45a3-8ae0-6982aa53cafb,Jurečič
95732ece-1658-4e11-9b5f-b6ae5552e638,Zapuže
7d579a55-27bc-49d0-a124-a5ed6233c55a,Tacenski most
8f623f1d-48a7-46b5-9331-28a8dc980876,Samova
bbfc6d44-94da-4cfd-b22a-368a2b11ce20,Maroltova
e8d0bfd1-b300-4eae-8f85-79266066bb3c,Medvoška a.p.
bf990a3a-96e9-42b7-9147-33e85bd24c05,Ihan Flerin
e0c253d0-1de7-4add-ac75-8b16151fa462,Dobrunje
995cbd67-507b-4c32-b794-0ff48e0a3de9,KAMNA GORICA
66943a7c-28b4-40a6-a996-21aa0b968435,Staje
6324e337-5778-492a-9e9c-57e3ad5c4710,Šolska
9afb36ea-c2ae-4bbb-9644-3a6c65bb1c7d,Kino Šiška
5aeac892-889f-4c5a-8fde-67e6ac096242,Dobrunjska c.
4ec1b435-1683-4cd7-a4d0-688cc9f3b603,JEZERO
91745353-dd19-49ee-beaf-332e546dcceb,Zidarjevec 2
4a90e424-11ab-43a8-b7e9-1c4f42fe2b7c,Pod Hribom
36d25599-0bed-48a0-bcb4-134be8a959fe,Emona
aa9cc3b9-7c6c-4e45-b91a-1e0494fbf15e,Dragomelj - 1
c5527a65-5265-43de-b703-7c7d494d190c,Pot v Smrečje
0334e79e-7a89-44e9-a463-5af813e64a40,Lanišče
46f20d33-601c-4ef6-b86c-7c2bb4af52fa,Ježkova
a719a87c-4e93-4387-a6d1-2631a487f7e0,Ajdovščina
44e58cea-6c90-467f-baf2-22ac161daafb,Pri Maranzu
c124f317-217b-4b89-9597-393843de4f81,Nusdorferjeva
1f02ab68-e4a0-4783-ae8a-39ccd679f2cc,Havptmance
15c71406-72b5-4681-8b1a-29eb30eb3f76,Kristalna palača
aaedd82f-0c53-425d-92cf-96e50bd20518,Slovenijales
a7177a3d-8db2-43fb-8910-f95857f0ed97,Škocjan
6edebb46-d04f-45c4-99a4-100f7f0b2660,Zadvor
7fa32ea0-e884-435a-a81c-51bbd5cedf3e,Zaloška
2265e4de-a537-4f97-882b-c94c24aabfb0,Sostro
3d9e90f6-2b67-4f24-9cc4-7c2063a08410,Japelj
a999f83e-4e6a-4ef9-9a10-e4a2c8a4a182,Vaše
3c6ebf90-c611-4535-b2b0-22fba3f7649a,Štajerska
cf5259af-d324-497e-b508-84fe92961eb1,Št. Jurij
1eadcdb9-60cd-47c9-8eec-527c3465a685,Polje
f15ddf31-fc11-41ba-988d-376c83e38f58,Vodovodna
7554bb81-1144-4263-999d-f6e358d808fe,Baron
e2d3c37e-a7df-458e-9e5a-ea33ccf4c11b,Brdo
9f6048f0-5c5e-4773-915e-4ee05d200e27,KS. Pirniče
93928408-7b36-41f9-9b62-fec53e14b4e2,Kališnikov trg
639551cf-fe23-4363-8ccd-655bc5d4119e,Zmajski most
e66e813a-722d-40f8-9ee9-1470d07bc200,Tobačna
c1606675-dd38-4952-914b-6ca64fd56b7b,Rudnik
eee355cc-98a1-4f25-8bf9-0100856eda6e,Za travniki
7ea32e84-b8d9-498b-9f03-5a66990012b9,Rožičeva
eb669f04-cfb6-4ea4-90c9-26eb551ecb45,Bilečanska
d50b2bdb-481b-4e58-ada6-47a028fc6382,BTC-tržnica
81a7167c-7913-442e-96c5-20dc6e25d74b,Vaše
70231f13-be88-4e3a-a89a-5b4f436984d2,Lavrica pri Malči
1536cb2e-acd3-49cb-8f06-bb8cd40c0c02,Bratov Babnik
08f2fb98-afdf-4961-b419-1bca7f5568ab,NOT. GORICE
8a182298-1db3-4251-9cdb-a86efe72b8a7,Hlebš
60ccc570-3714-410b-aa31-43d3a4c593c8,Tržnica Moste
d9f26e1a-77fc-48b0-a024-93fd38eb88a4,SOSTRO
87785aa3-128e-4f15-82b0-d8c3cfa6076f,Spodnji Rudnik
391bf42a-68a3-400a-baea-0c708f327325,Kamna Gorica
548dbdee-83b0-497b-acc1-e15b34899d42,Hladilniška
eaad1ba5-14a4-494f-80ae-65294c29a962,Rožna dolina
dc7b6fb3-15db-4c7e-9fa1-424943178ce6,LETALIŠKA P+R
a2b5023d-5ce8-420f-ad2a-b61c7a1902a8,Volavlje
3febe187-31d6-4229-be07-78ff782ca972,GD Gameljne
912792ae-7f7e-4295-8064-38ea96a5dc4a,Zagradec pri Grosupljem
2e62f411-936d-4a10-96ed-2d8fe95d6d65,Zidarjevec
25ad5579-f6a0-4f35-a0c9-0678b41e9dde,Križanke
17f7d178-41b3-41f9-a545-cbfc22a0a5f1,Nusdorferjeva
8fbf17ab-413b-442c-9c6a-0eb8873a4755,Kovinarska
b829062a-2644-4350-b998-74522d9e85d8,Lutkovno gl.
595ee2ab-3022-469d-a3e1-0c87d7dfb14d,STANEŽIČE nas.
bff8345d-1b72-4b41-8b8d-cb8a5483a2e4,Medno
d17294f3-5b6c-4313-9243-3f38557967cf,Tabor
68075aa0-144c-4f6e-93ef-e93dfc35df78,ZALOG
769b7bc7-4f95-4bb2-9c99-37ba8e8b4bd5,D. MOST P+R
a12cff7f-91e5-4f1e-be40-1a9b34ae792a,Agrokombinatska
94c6598b-7303-42e1-94d5-156d7a25f630,Gerbičeva
9807573b-8821-40e4-b891-a5cea6e23b3d,Trata
ab0d4ded-a428-4133-a6c8-0f2caac0a5ae,Iška vas
07bad99d-070a-42f7-8766-d11d42152623,Prekmurska
97d3e896-2af7-40f9-bfbf-59cf3fcbf93a,Besnica ambulanta
5c9baa4c-9ee0-4263-be22-72f5a73c714d,Škofljica Petkovšek
7eb88e01-82e9-4af4-84d0-69c6ea9dc82c,Kolodvor
476c1b24-6f2f-4727-b610-645c50493814,Črnuče
a4545f57-dab0-4ca0-9da3-5bc96d80f104,Vevče
235d7e56-4520-4691-b7d9-7588f7306e1d,Vnajnarje
b7834e14-7e86-4df5-83ce-006c93c31c00,Koprska
acedfed0-a3ba-4fa3-8cd6-910783961f0a,Goričane kopališče
95be8f74-3ed5-4cf1-aabc-b1c0027ea628,Pece K
eb165f50-9c43-4b09-9658-469a16d3dc83,Kodeljevo
2188a1bc-ce7a-4450-bd4f-871538578244,Zadvor-2
c70ad4c4-6c37-4f31-83aa-921dc8bc15a4,Pržanec
3fbf6322-fb74-4a50-a81a-bfca73abc26b,Tacenski most
c22879e5-8e90-4540-9a74-5f139208e492,Friškovec
1d62c3f1-903c-4350-a349-80c4573b3cdc,Pot v Hrastovec
d72d58c2-b9a9-4dd5-b741-17e986d925c8,Gasilska brigada
6739536d-b334-46c6-ae80-4890afac7985,Lavrica
392949a1-1ada-4196-9073-6f392638ca49,Bratislavska
862efb04-bcf5-493a-929d-242fb91ba5f6,Elma
f414efd9-d697-4bbe-abb6-c9e09fd73514,Perovo
62d0c5a7-1692-43ef-b6e2-31f514362629,Škofljica žaga
cab36767-e95a-4f60-978e-92490f2517b2,Hrvatski trg
cd5497dc-20a4-40b3-9adf-b380de5d9f16,Bobrova
f2fc2702-e9da-4c36-b6fc-9f52199e4574,Rakovnik
f5dc05ab-b5cf-4f25-a85b-f346876311cb,Dvor
9583dbdd-06fd-411e-88dd-af8f89e2caaa,Stara Ježica
b4766c35-4ab9-4af3-aa76-1b1f40735685,Trbeže
24df120e-0d0c-4353-8dda-c7ef0dc3dd5c,Križišče Sostro
e57aad1d-457e-401f-b26d-306b4fd836eb,Kašeljska
a7094427-e180-4deb-acaf-5d4488326e9e,ZADOBROVA
ee095f27-439e-42e7-9e5c-e77b0903c31f,Veliki Lipoglav
075a6b29-66cb-409f-89fe-37d50669eff4,Elma
47637057-8d6a-4cf9-bd56-3ac90748fcc4,Barje
51e04e1d-9ea1-432d-8b79-09e6c2a7be7b,Trebeljevo
c326e479-ccc3-4915-8788-3fa189d0143e,Litostroj
2c0475be-44e7-4f0f-a06d-2c1b4ca15677,MEDVODE nas.
10d57057-b305-4b7a-806b-3373014db962,Nadgorica
538ab00b-ee39-44e8-b5a4-62c2c6215bf6,Zeleni gaj
2edaabef-ed43-4b87-ba95-a5600c33250f,Bratov Židan
ed50f692-09f9-409e-b7d6-05ff7711de6b,Vnajnarje
b47eac47-d897-4ba7-ab06-8e642cc8efe8,BERIČEVO
815a2c5e-19a1-41b0-bca4-69dca8912326,OŠ Domžale
06e4802d-2c96-4556-bd95-35e0a2bb030c,M. Lipljene
8c7fa045-888b-46d0-8189-6f82623bf481,Poljanska
bfcba499-ce46-41b0-8268-966d74eccb20,Tinčk
5fe363f3-8297-448b-bde3-08f690c92d1b,Snoj
f528b363-1484-456c-835b-1e08dc31ef8e,Gornji Rudnik
4ca7ae7e-380b-45e3-81de-00ffab5bb531,Yulon
a9796806-8cd3-4b76-bf8c-4340aec35c9e,Lutkovno gl.
12618339-2c2d-49ec-b0e0-2517c11991f8,Mirje
1c214818-5471-4d2a-a7b2-33464ffacdad,Ihan farma
b6816891-4b0d-4bda-8e12-176194efaefe,OŠ Maksa Pečarja
2c46416a-d66e-469c-a342-898a93f5b2f0,Trebeljevo
98239279-bb80-4070-965c-dc87525019e2,Vikrče
2628ca4f-8797-4672-aca9-47b325c58aac,Besnica šola
845b482b-dba1-4313-a476-e772691689cf,Pri Maranzu
6bd46cb7-9e5d-453a-878a-bcc38fb2a5f2,Sava
c8f784f8-ce92-4773-8d90-c6bed3513ce0,Zadvor pri Grosupljem
1b3dce90-170f-4176-b47b-2b50b9407e82,Dvor
795c157e-21e0-4115-85aa-93c227e3420f,Domžale
5fa77d25-e7a3-42db-8cc9-52b612d5de19,Preglov trg
99b82632-116f-421b-9320-d5a53e522155,Podpeč
45e88013-1a7e-44a0-ab1f-bc0db6c6746f,Šemnikar
b2dd8b3a-3710-4f07-b735-4bd183bfaade,Erbežnik
af2956ba-d922-4ec4-bfa7-b623c29e8b3e,Kompas
d7a59d1b-dfe1-4fbb-96fc-14443b077516,Vevče Papirnica
9c2e9262-7afe-44d3-8aaf-80afd45f9118,Kozarje
f496ecc3-28fe-4361-9da8-428bbf3bd672,Ljubljanaska
fb0042f8-d9e2-4916-b60a-38a026acf0c9,Leskoškova
5a06b853-39a7-479d-ac40-fafa659fd896,Gostilna Kovač
896f7627-7c1c-4742-a40a-6aadb85fe206,Viško polje
c71e1e0c-780a-4d46-8b33-09aebbbcfcd8,Ihan Termit
79a5bacd-8b59-4d83-99e8-26e3c5b1490b,Osenjakova
7a256ec6-bb93-47eb-af92-ea62941c1dc6,Večna pot
36c7bbd0-50d7-4b5d-b9b3-9dadd37ac50b,Cesta v Kresnice
d0790612-d161-4be4-953d-a7a0c33acf1e,Cesta na Brod
5f6cb902-b824-4961-9ac2-75cf44a47055,Pance
59ee5f7d-476b-4958-a922-2040a9308f3b,Kranjčeva
69f98a9c-d52d-423a-b44e-89b6320a7a88,BTC-Merkur
d07152fd-014c-481b-a5f2-8949066499e8,Grosuplje SM
727cab27-5e8e-4c5e-ba27-449822a45ee7,STANEŽIČE P+R
c3188d8e-c2d3-40e5-acc2-14bef70a5ff4,Za travniki
34f3ddda-e732-4b53-bfb2-8773b5cd6eac,Sp. Gameljne 2
31e6db90-ba65-4c49-90c0-317fb92596b3,Medvode
9143c575-806f-4ba0-81bc-8199f0b0b4d0,Šentjakob
717c914e-f928-4671-95f6-26c1ddb95799,Cesta v Gorice
3866c761-7fa4-4a4a-b913-75569da498d9,Samova
6bc92f4c-414c-456b-9150-d58a7689d26e,Jana Husa
b0d473cd-f35e-4a30-8d0d-70f16b92e8e8,Lipe
13d6dac7-dc00-416e-a8c0-0d6967e4014e,PODUTIK
5be3b187-5735-4444-bee7-0665f60e6c83,Ižica
a112e799-e1b6-4dd2-b652-bd521dda7638,KS. Pirniče
9276fcfb-0f7e-4df3-b827-325600851526,Topniška
0bb103e4-c4a6-4c4c-a13d-217ab4e6dfd3,Cesta na Vevče
08506f21-8675-4972-a359-ba9412a1da49,Kot
5d91512b-af7f-4bbe-9dde-17f402fbf590,Sneberska
f11e48f8-4133-4c36-a36f-73b4f33d9592,C. dveh cesarjev
7fad8003-fb10-489d-bf8d-6d433310ad90,Nove Jarše
fd0e405e-d5e5-45fc-8911-e48a178ad4a9,Selo
70bba1e8-3ea8-46fe-ace3-f75b04e37605,Volavlje
9cd1e7f8-8ccf-4469-bc25-25d138605c67,Akademija
fac22b83-1bc0-4c12-8533-485b115409ef,Bolnica
8b5f91a6-23b7-4786-96f9-a80c6d668e18,Sp. Pirniče
f088dbda-3ab0-43c5-bcdf-c727725c05be,Brdo
b5273abc-dfeb-49a2-9607-249bf6415e4b,I. Kobilca
a2947722-2e6f-48dd-9c31-ff36356676fa,Tinčk
9845a6f7-ba79-4f3d-b6ae-969651ef6001,Tomačevska
05bd4cbd-b014-4cfd-8ca9-3c82b0a59114,Plečnikova cerkev
65e92ecc-800d-4962-a8bc-0f50f1107a5b,Zadvor-2
b91edda3-a147-4599-bebf-85e145de085b,Živalski vrt-ZOO
61485a1f-73a8-4dac-bcc7-6e4e53eb4b0f,Slovenijales
d9224caa-d582-4152-88e0-be720677fe16,Sp. Gameljne 3
783196f2-97cd-4265-bb9a-b13aa8bb6a0b,Božičeva
22c11486-1afa-491f-b9ab-162d88c8c44d,Prelog Mngan
28248670-5e08-4de2-8eab-e63933c0d61d,Podmornica
10449641-799e-4ee4-a712-a6e3a9aefc27,Prelog
3cb0ccbb-9b91-4d71-bd27-2acef732be4c,Streliška
e73c7113-cb4a-4cd5-8df9-ffc5fd86590a,Dragomelj - 1
2323bf9e-1a47-4409-b9c8-398a035c8d12,Študa trgovina
66012072-6b6b-4775-8001-0887d18e09a3,Pod Debnim vrhom
f4c5028b-48a4-4d0e-a91c-81a858923ddd,Sneberje
9a14b0ec-f13a-46f0-8c4f-07d8b99241e2,Cesta v Zavoglje
d867fec1-5147-43db-b004-08d2797f50e3,Pod Golovcem
e468b92f-fa4a-4819-bb11-37761deaf4ca,BESNICA obrač.
a6fde748-bb91-465c-8665-20cbaed7df19,V. Lipljene
1dc99fbb-5496-4aab-a4b6-32e653ccc789,Center Zalog
d27a7320-71d6-48bc-a4f5-0f3e239575b8,Tacen
81b6f6ad-6dd6-4e3f-a0bd-754a65a3e57b,Šlandrova
e82569a6-73f3-4002-b7b5-0f83ee167535,Silos
4afd573d-abb7-4209-9b28-5c34811eb3ef,Lavrica pri Malči
69bc9f1c-507f-463c-ba5a-04500b319967,Ilovica
d7d791d9-02e0-4369-be0c-1546fc2044a4,Staje
83a62071-0161-47a2-b745-eafb5e945632,Goričane pod gradom
5881f75e-9383-49b0-811d-04c864ba1605,Sp. Gameljne 1
18d010ca-0244-4928-82cb-47af0836a1bb,Krivec
d4d4230a-5247-4071-baa4-463321d9d934,Smrekarjevo
d72032c7-d4b0-4eee-a87c-593985a42266,Tobačna
9b4a7d21-709f-4462-b602-c77d975df9e7,Pri Dogonivar
505865ea-cdea-4042-bdb2-b2f4f03889cb,ŠTEPANJSKO NAS.
27788b38-4743-4e04-9b9c-94faeeeb2d34,Pot heroja Trtnika
2f874852-bc80-4ff3-b6bf-a914e31251c8,Savske stolpnice
b4b7f450-4397-42d2-9d1e-39f786eecc2e,Podgorica
d08c4884-9764-447f-9b79-0ef7a645222f,Ledena dvorana Zalog
9c3d9f7c-69df-4a48-8f1a-d25e7a922ac3,Škofljica Petkovšek
7b822496-7ea4-4ce8-b78c-1d021c68a9ed,Puhova
271db19a-744b-41a0-869d-0c3e0e2cb6bf,Besnica
c6dd10bd-c21f-4a0c-9c7d-99e488a173d4,Šentjakob
d4fd9934-5253-4ab8-a779-3e9e2a30c5b7,V. St. vas
16578e36-c682-4083-bd29-4973445dc0fe,Gosposvetska
26ec9924-5586-4fd5-8b20-63f2d0a38d44,Pri Dolencu
aa844493-50b0-4b91-b331-f4297d2ae6a8,Brezovica pošta
030363e5-99a3-401f-96db-a16a340ace21,Javor
befe0e87-b5fe-41ff-9a77-f65461eff28d,Brinje
22ef2062-46f0-4a46-8d9a-6ceb7b7f45bc,Ilirska
7fdce743-a4be-44d7-8658-0a259a18ad30,Stožice
34afe7f1-2d09-487f-983f-19c7dd5dae82,Brglezov štradon
fc3967fb-5520-4fff-a819-f625242182e5,Cankarjev dom
1c8efa00-4587-4efc-a10d-794e9d885857,Troščine
4ac86a6a-874d-41a7-92a5-64ed733b7734,Tacen
caac4c1a-13e4-4afa-b467-65d90a8fbd44,Pod Hribom
fcec9e7a-1c9e-4214-96dd-d071550349e6,Zgornja Šiška
45b36327-9a1a-4cd5-8261-53217326b22f,Podlipoglav
81f21fc1-3bd2-4d2a-b563-2d063479c68e,Štepanja vas
ad966374-a37d-443a-9a3e-ec85ca28231f,Pod Rožnikom
6330ad8d-b582-4c92-bc7e-d3f206264f04,Tehnounion
eefb30b4-8049-4128-89f5-bb359b1c93b0,Prežganje
278a9d60-64c7-4bfa-aad0-24068aa760af,Sadinja vas
cce39cbe-6961-433a-a787-64fbf602f470,Livada
9e90940e-cf99-4112-87ec-7cbb6331509a,ZG. Pirniče
43df2657-d56f-4fc4-8c40-49180cbbe90c,Ruski car
b0b32562-f5dc-4183-abba-5729adf98088,OPEKARSKA
4f681273-89fe-44f9-aaec-76950722cc52,Študentsko naselje
2c87f988-902b-4b35-91da-5437a58759f5,Šentjakob
1df1835b-cfd3-40e7-9466-9c9d43642bed,Zaboršt
7ad25867-5c97-4f9f-9b1b-4966436f7fbf,NS Rudnik
258aeffc-294a-4919-bfb0-34f90dc19892,Ižica
5c38ad77-8124-42b3-810f-04703daec8b4,Šentjakob
785ad018-d0fe-4628-b188-15f6dc71b38e,Barje
ee837fd9-7a5c-4f14-bbd7-a46f14eb07c5,Glonarjeva
b2dd1684-0848-40f7-b10e-8f74bb005f2f,V. Mlačevo
0760a037-cd94-4936-89b6-45ce9bd19917,Mercator
548a85bd-f15f-427b-ad90-43cb50e9e31a,Bratov Židan
f174a648-9e84-492d-9ccd-0756b49c773b,Capuder
1632ee87-59dd-4367-bf10-9d13aa688e82,Tržnica Koseze
ea80411c-360d-4a33-861c-6533a1d67eef,Park varne mobilnosti
6932c2e0-ff32-4170-b519-fba88e29c147,Cesta XV
9c57d59a-53f8-4a16-b279-2ab1745ea230,Krožna pot
f1d7dbc8-d84b-4550-a3bd-e4748a677e9d,Trnovo
39b60288-c9ac-4bc2-825b-524dec52182d,Goričane kopališče
02c61e3f-2d2e-4b42-b695-bbd3cc672f6b,Leskoškova
a8af1032-30bf-4f7b-a921-28d2f712fd24,DRAGOMELJ
b7b7ac00-59bb-41eb-833d-ad309d24e68a,ČRNI LOG
4b456495-fb29-4ff3-b48b-4090bc51514e,KPL
68c65382-15dc-465c-96b5-7f27af9d4a63,Stanežiče
12cfc2b3-f8ff-444b-8d5f-15855e45e331,Dolgi most Rotar
aa3ce006-1975-496a-abc6-a98ec5e87652,Dobrunje-2
bd1396f2-4dc8-4695-9bf1-c601157100d8,Preglov trg
45bff76d-bb00-455b-aa12-7ea49ad9a4f0,Vaše Helios
9cc88862-270a-409a-b450-e0003c7930af,Videm pri Ljubljani
d123fde4-aa91-49c3-83df-5ebf12af4e59,Oval
2628b04b-eaf2-4c5a-b7ac-837237162783,Na Žalah
5a2def68-fa57-4002-a942-e39bc2a87688,Koseze
9b85d4b0-c594-4e0e-9ce2-d0986256c270,Tavčarjeva
4ab506fa-0fcd-431b-ace7-19ffa5f0576a,Reaktor
25c85d19-456c-4188-b563-15ad467a54c7,Vič
e26da28a-b9c3-41b8-b57f-87b289b38e08,GD Gameljne
73e6ef23-ef0c-41bf-9960-0e3078b94d23,Ig
34ead609-4331-48ab-8e82-52dd70da9832,Ig Petrol
7d1d9e60-8a7d-4e50-86e5-f3a42a99d837,Žabja vas
25cde952-4896-4977-b229-75e09b3e3661,Chengdujska
108e7dc8-ca5d-4c91-9414-32a32a31b69a,Grosuplje SM
461045f0-a82c-45c0-af66-71b25f3f0e1a,Belinka
c3534bc6-7bfd-43be-b46a-2b0fced57ab8,Park varne mobilnosti
4d57f6bd-7ba7-4f07-8aa1-ecac0b09e8db,TUJI GRM
f1b7471e-db71-49da-846d-1232cb3e8f8f,Rožna dolina
2cde6efe-5f53-44aa-8018-76f0ea2c86f8,Reaktor
30c30bf5-75c4-4dc0-995f-4679ef54d37c,Mostiček
bd1a0fbd-1593-4552-a76f-681c59333d6b,Savsko naselje
a33e6b1f-de56-43aa-9a52-f7064636ab79,Zg. Besnica
f4e99ece-e89e-4322-80c6-5a91df65f64e,Jana Husa
b4b30b45-445a-4f70-bdf5-5ea7cdc98583,Dolgi most
ab4e1412-1ac4-4864-8833-c1ddf48bec20,Bratislavska
106bdc28-f0fe-4f13-b4ad-6c6a630550b5,Parmova
24ab9d18-4fb9-4e7e-b48c-d5cdc9cd1305,Agrokombinatska
9cb18d2e-9bf3-436a-ab3a-7c52c5de1300,Rašica
eec159d0-4b1b-4706-9a5d-a00ddcbea9f5,Baragova
332abe37-33b8-4142-9edd-4ebd9e52eaf7,Podlipoglav
b56664c0-1dc1-42c5-b10b-52c3fb0dd042,Galjevica
7c390857-8fc7-49b5-9c9d-e5535d360148,M. vas pri Grosupljem
5d1e404b-1606-457e-8d2b-4e3e80139532,Topniška
6e7cab20-d7e3-474f-9a5e-f1e0ca6fae53,Hruševska
410b424b-5f4d-4137-bc20-7d1f328540a3,Verje
d3a06374-ab12-456b-9c00-55461af341fa,Na Žalah
6c56976b-4ae1-429f-bcab-0cfc37e3580d,Zgornji log
5f2b93f1-7933-45ed-915c-4488ab8d81b7,Ižanska
55f1ae46-11e5-4270-991f-f09dae6c58bf,Kodeljevo
ab624858-605d-48c6-a660-d54c2e037a91,V. St. vas
dadea785-0c6b-4054-9882-37227de3df4b,Pošta Dobrunje
1aa7e441-8646-4d1d-88bd-ab004758ffc4,Pod Kamno gorico
64ea9f57-1f7f-465e-8721-55e26faee36a,Krimska
e9035f9a-28be-450a-a30c-7178134ff26b,Lipe
2496479b-f855-403d-bce8-2a4d9988665d,Rutar
62b17644-b4a6-412f-9e03-79bbaf339717,Ihan farma
70c51140-f3ee-4c89-a6e2-ed74dab89148,Bilečanska
5b184752-5bd2-43e3-9243-dfc8969d9065,Bolnica P. Držaja
eb8e8d9a-a3d5-4ec1-9356-26e0e41912d1,Pot v mejah
65a6b01d-c9cf-4d4e-930c-5562156d7375,Besnica kamnolom
d9437903-d95a-49e6-9743-12b2b964e04c,Mostiček
98b60d07-8054-441a-be44-be7aa24f4253,Dolnice
6cc5af3b-67ea-47f3-9e8a-10946c32b906,V. Lipljene
15af3c66-ad74-4f41-92f7-92e2ff72a51d,Zidarjevec
5a89967e-5654-49f6-84ca-59f7f9035444,Pot v mejah
1f207e67-adf9-4da6-b107-3b58051d9990,Sneberska
169789c5-0251-47a6-800a-74ff3dffe04d,Hrastje
e0f10330-ad34-453d-baf4-d6c601cb6cf8,Blaževo
58db973d-ecbb-4aa6-a56c-c26aaff7f263,SŽ ŠIŠKA
4e8ccfa1-b58c-4ee1-ad82-2e8a645071f3,Sostro - 2
452f2b51-98fb-4a7c-bb0a-44577eb5e12b,SŠ Domžale
d7384760-d854-492d-87af-f342cab37fc1,Brinje
117abbb4-5575-4020-aac4-2048f8d34b50,Rutar
9fa0b90f-dba1-4eca-8802-589425d3e8fd,Polanškova
cdee8be6-e02c-4fb5-9752-be1bac08d90d,Kavčičeva
55e3f615-be6c-43f4-9858-e199862771a4,Pri Dogonivar
4d2fc228-0628-4897-8d77-3e71d500d36d,Sava
f5d8583f-6e9d-4996-b803-74bf3cd0b602,Letališka
7f45fe9c-917a-4571-9a74-9e940cd84f3c,OŠ Domžale
cdbafa76-fd1b-45e0-bbd6-d6c1c6a141f9,Podmilščakova
352f5cae-25c9-41c5-ab70-268bf64107f0,Podgorica
06348c07-2fb0-4dfb-a938-aaef614a7f68,Andreja Bitenca
4ca9e64c-29ad-4391-a6f2-7e1ae022d5bf,Gorjančeva
ec88f05d-3035-4f09-8560-72571bc0b125,SAVLJE
45303500-8b0e-4779-9abd-433b5f8b2838,Kot
4c08e174-6890-4c5d-9eec-15686971f909,Drobnič
216a26dc-11c2-432b-b099-0d55d508b7fa,Cesta v Gorice
d8ff7b2c-baf6-4a1a-97c5-0871b823caab,Benat
1ef524bd-2bf3-4c47-add3-044374897443,Andreja Bitenca
c9b2488c-cca9-4b84-83cb-638ef545c851,Kržičeva
d83ec579-9ab5-4e30-bedd-86613c234abd,Ljubljanske brigade
ba0f81e5-dfec-49bb-8d6b-d52618338640,Gostilna Kovač
1e157c31-d34d-4c2e-91b4-8c000c88f6dd,Kardeljeva ploščad
fcfe6ac9-74b3-4c13-96b7-6041f1454813,Kamnogoriška
754e8f1f-a5ba-4281-8f31-fb3357744cd2,Cesta v Zajčjo Dobravo
fcc58ff5-bf0b-44ce-b12b-75ecc493f24d,Petrol
df973089-967d-4446-916c-260e9e8fec83,Domžale
c6c83930-96af-4cbe-93bf-072a618502a4,Šlandrova
4abe5e63-5707-4ef0-acda-ab2c52749afe,Štajerska
c969f066-aab5-466d-b4db-48e651a4a12e,Lahova pot
2388ce1f-c947-42d7-97f3-e01a7254c933,Škocjan
58cd6196-8ac4-4803-be8b-1c0d2fb52528,Kašeljska
7962e05c-ad8c-43e4-9db4-4b90f0c94596,Murgle
efecc3aa-ae68-4374-bc24-334280abcf3f,Zaboršt
53ec687a-6f0c-4bb7-b1b4-606e7dcfada9,IMP
b2cf1f2c-3c77-4a23-891f-3cdbcda92f19,Škofljica žaga
627be449-8b6a-40f4-a57c-09ccdacccb66,Novo naselje
a26d9a94-effb-45ab-a27f-74076e9e5bdd,Jurečič
9c17244c-0812-404b-b929-5cdc0591e421,Podmornica
ba2b16a8-1273-45d2-8758-47b9694df9a6,Dornig
8648bfde-9b0f-4a64-aced-fe63aa923879,Podgrad
47252dc3-dbd8-43df-898b-0a3fb27ffc93,Pod Golovcem
41c8c7eb-62ef-45d8-b5b1-221dd3c0022c,Tbilisijska
3d8122ff-0840-4811-a5ad-c4702fc70269,Pod Rožnikom
edc8bf1d-d4f1-4c5b-8112-e4fa71a02bae,I. Kobilca
af820908-f71f-4c46-82c2-e7616f9c21fb,Goričane pod gradom
b5e26d7f-8a91-4360-9811-2e8e05d27382,Bratov Babnik
cbf8e64b-fd0d-48ec-8fb1-03b298cc13b3,Savsko naselje
363e4763-df83-4814-99d2-879d448d5910,Obrtna cona
5560d06d-4058-473e-abba-099b05d7cf07,Cesta v Zajčjo Dobravo
7e0c8a32-21cb-46dc-8e50-9c4675dfa322,Javor-2
cd2cdf5f-a758-494c-8b1f-2de4ac913723,Žalna ŽP
d9df365b-7e54-4d22-b2e9-3b548d48ad59,Cesta na Vrhovce
72e6ae6e-bd4b-4946-a032-7ff9b8b41039,Tomažičeva
30e58784-86f6-4d93-8630-3cc3fc93c6f3,Brod
97627b9b-fa2e-461a-97ea-a15df7599598,Pot Rdečega križa
da623aed-094d-4c3c-9766-9f0aba0f40f6,C. dveh cesarjev
c568fe2e-477f-4af2-ad68-cb8111f361d0,Jamnikarjeva
ca575a45-9c95-4348-9245-8c75f70130b3,Benat
9b9d2948-7538-409c-9bfc-42c0b74c41a8,Zakrajškova
66eec6a2-dfde-4d98-b690-e47f200367fd,Log
4fddf4a7-ad4e-4630-a5ca-3267955db548,Ljubljanska
d4c25d68-c340-431b-a646-7680fe0cefee,Pržanec
d6ae97e7-23b5-48d6-a9fa-2a2624e9f434,Rakovnik pri Sori
dac8d2a7-89e4-4aec-948d-00db4833ce7c,Vrhovci
ad8a76cf-4386-44b3-9156-490c502e4bc4,Pod Debnim vrhom
a769d1e9-8727-4190-b56c-5cdd8a49333d,Čerinova
01bc5983-63a7-4184-9986-32e5a5320684,Preska
30cf2ed7-2cf0-4764-ab64-78206968d5ba,Ostrovrhar
7b687edb-dc47-4b68-a13e-34713cababe9,Rakovnik pri Sori
144ab380-6586-43ce-b216-2e66362b6eca,Krivec
0b6c7b97-410c-48fa-be23-430c316f9b10,Stadion Domžale
8d767444-3983-4409-bda1-d298b52c7bfe,Študa polje
61f19c68-2d5e-4d76-bdd4-28709a347b5b,Spar
824255dc-9be8-4f7b-9b69-2bd4e5a3fc27,Pohorskega bataljona
022ef61f-a226-42e8-b11d-30cf9f9a6688,Tomažičeva
8677848c-55dd-4af4-b275-3074a3ff4846,Vrhovci
30131bc3-a0f7-4cfc-9e4d-552b325c0ba7,Radna
e97befb6-5dc6-4603-ad5e-3aa96b4b2221,Rožičeva
5de84f88-3f32-4636-8c30-03cc267ecf37,Podvozna pot
de80f5fd-4572-4bb6-9e21-9860f5fa6b24,Ihan Termit
a1795ee0-9147-4a5c-bb11-f60a809f690e,Ihan Emona
56dbd8ff-6ec8-4186-b46c-f74ddb5a304a,Tacenski most
a8a92762-af25-42a7-98dd-9846f8b33e09,Luče Na Šoli
eba0daca-3696-4f72-a1dd-5f7b5fd02a63,V. Mlačevo ŽP
15bb8af1-183e-4ec8-81f7-1fc6e81beb30,Ostrovrhar
acd87210-4e04-49b4-884b-1fe11c453bf4,Kožljevec
bea9f247-4e88-4d7c-9387-8cd9342acb8c,Sora OŠ
6340ea93-391e-45b9-94b0-56d1d7c87e20,Sora
b698a890-05b8-40f6-a3a6-4f4c0a820f97,Kongo
0a4b6359-22f0-4caa-b4a8-f4edb97a0825,Pot Rdečega križa
5b2cb528-ba33-461a-aee5-54e2ed8c3758,Perovo
524d67dd-fbb0-4f6a-9199-f095123044ab,Kamna Gorica
53806659-b339-4e68-af4a-4325c16b6026,Iška vas šola
ccccee29-6fc7-4a86-b492-7f36a8e817db,M. St. vas
7ba233b7-a50a-497d-8135-dd8dabf93ff5,Goropečnikova
43e01b7e-be2c-4282-be1b-9f628ca67327,Jamnikarjeva
e1e80207-5c23-47c0-a63a-121003b22807,Sp. Pirniče
111b2cdc-67ca-47bc-a8eb-8a4c6a0674d9,Tabor
e90a68ac-02be-418f-8937-b9f1906274f2,Plešivica pri Žalni
363564a6-9938-4bf5-8928-1cd191e9c2ef,Videm pri Ljubljani
cf22c7c2-776f-4bd7-ae1a-dc4f25983c19,Študa polje
52c437c8-73ae-4db5-ac31-8e7cf5104826,V. Loka pri Viš. G.
7d003bd3-5fae-4076-b952-9f734651720f,Prelog Mngan
0b9c5011-4f2d-4753-914f-500532b0dbeb,Lobček
